[
  {
    "id": "AFG",
    "name_eng": "Afghanistan",
    "name_fra": "Afghanistan",
    "flag": "ｦｫ"
  },
  {
    "id": "ALA",
    "name_eng": "ﾃland",
    "name_fra": "ﾃland",
    "flag": "ｦｽ"
  },
  {
    "id": "ALB",
    "name_eng": "Albania",
    "name_fra": "Albanie",
    "flag": "ｦｱ"
  },
  {
    "id": "DZA",
    "name_eng": "Algeria",
    "name_fra": "Algﾃｩrie",
    "flag": "ｩｿ"
  },
  {
    "id": "ASM",
    "name_eng": "American Samoa",
    "name_fra": "Samoa amﾃｩricaines",
    "flag": "ｦｸ"
  },
  {
    "id": "AND",
    "name_eng": "Andorra",
    "name_fra": "Andorre",
    "flag": "ｦｩ"
  },
  {
    "id": "AGO",
    "name_eng": "Angola",
    "name_fra": "Angola",
    "flag": "ｦｴ"
  },
  {
    "id": "AIA",
    "name_eng": "Anguilla",
    "name_fra": "Anguilla",
    "flag": "ｦｮ"
  },
  {
    "id": "ATA",
    "name_eng": "Antarctica",
    "name_fra": "Antarctique",
    "flag": "ｦｶ"
  },
  {
    "id": "ATG",
    "name_eng": "Antigua and Barbuda",
    "name_fra": "Antigua-et-Barbuda",
    "flag": "ｦｬ"
  },
  {
    "id": "ARG",
    "name_eng": "Argentina",
    "name_fra": "Argentine",
    "flag": "ｦｷ"
  },
  {
    "id": "ARM",
    "name_eng": "Armenia",
    "name_fra": "Armﾃｩnie",
    "flag": "ｦｲ"
  },
  {
    "id": "ABW",
    "name_eng": "Aruba",
    "name_fra": "Aruba",
    "flag": "ｦｼ"
  },
  {
    "id": "AUS",
    "name_eng": "Australia",
    "name_fra": "Australie",
    "flag": "ｦｺ"
  },
  {
    "id": "AUT",
    "name_eng": "Austria",
    "name_fra": "Autriche",
    "flag": "ｦｹ"
  },
  {
    "id": "AZE",
    "name_eng": "Azerbaijan",
    "name_fra": "Azerbaﾃｯdjan",
    "flag": "ｦｿ"
  },
  {
    "id": "BHS",
    "name_eng": "Bahamas",
    "name_fra": "Bahamas",
    "flag": "ｧｸ"
  },
  {
    "id": "BHR",
    "name_eng": "Bahrain",
    "name_fra": "Bahreﾃｯn",
    "flag": "ｧｭ"
  },
  {
    "id": "BGD",
    "name_eng": "Bangladesh",
    "name_fra": "Bangladesh",
    "flag": "ｧｩ"
  },
  {
    "id": "BRB",
    "name_eng": "Barbados",
    "name_fra": "Barbade",
    "flag": "ｧｧ"
  },
  {
    "id": "BLR",
    "name_eng": "Belarus",
    "name_fra": "Biﾃｩlorussie",
    "flag": "ｧｾ"
  },
  {
    "id": "BEL",
    "name_eng": "Belgium",
    "name_fra": "Belgique",
    "flag": "ｧｪ"
  },
  {
    "id": "BLZ",
    "name_eng": "Belize",
    "name_fra": "Belize",
    "flag": "ｧｿ"
  },
  {
    "id": "BEN",
    "name_eng": "Benin",
    "name_fra": "Bﾃｩnin",
    "flag": "ｧｯ"
  },
  {
    "id": "BMU",
    "name_eng": "Bermuda",
    "name_fra": "Bermudes",
    "flag": "ｧｲ"
  },
  {
    "id": "BTN",
    "name_eng": "Bhutan",
    "name_fra": "Bhoutan",
    "flag": "ｧｹ"
  },
  {
    "id": "BOL",
    "name_eng": "Bolivia",
    "name_fra": "Bolivie",
    "flag": "ｧｴ"
  },
  {
    "id": "BES",
    "name_eng": "Bonaire, Sint Eustatius and Saba",
    "name_fra": "Bonaire, Saint-Eustache et Saba",
    "flag": "ｧｶ"
  },
  {
    "id": "BIH",
    "name_eng": "Bosnia and Herzegovina",
    "name_fra": "Bosnie-Herzﾃｩgovine",
    "flag": "ｧｦ"
  },
  {
    "id": "BWA",
    "name_eng": "Botswana",
    "name_fra": "Botswana",
    "flag": "ｧｼ"
  },
  {
    "id": "BVT",
    "name_eng": "Bouvet Island",
    "name_fra": "ﾃ四e Bouvet",
    "flag": "ｧｻ"
  },
  {
    "id": "BRA",
    "name_eng": "Brazil",
    "name_fra": "Brﾃｩsil",
    "flag": "ｧｷ"
  },
  {
    "id": "IOT",
    "name_eng": "British Indian Ocean Territory",
    "name_fra": "Territoire britannique de l'ocﾃｩan Indien",
    "flag": "ｮｴ"
  },
  {
    "id": "VGB",
    "name_eng": "British Virgin Islands",
    "name_fra": "ﾃ四es Vierges britanniques",
    "flag": "ｻｬ"
  },
  {
    "id": "BRN",
    "name_eng": "Brunei",
    "name_fra": "Brunﾃｩi",
    "flag": "ｧｳ"
  },
  {
    "id": "BGR",
    "name_eng": "Bulgaria",
    "name_fra": "Bulgarie",
    "flag": "ｧｬ"
  },
  {
    "id": "BFA",
    "name_eng": "Burkina Faso",
    "name_fra": "Burkina Faso",
    "flag": "ｧｫ"
  },
  {
    "id": "BDI",
    "name_eng": "Burundi",
    "name_fra": "Burundi",
    "flag": "ｧｮ"
  },
  {
    "id": "KHM",
    "name_eng": "Cambodia",
    "name_fra": "Cambodge",
    "flag": "ｰｭ"
  },
  {
    "id": "CMR",
    "name_eng": "Cameroon",
    "name_fra": "Cameroun",
    "flag": "ｨｲ"
  },
  {
    "id": "CAN",
    "name_eng": "Canada",
    "name_fra": "Canada",
    "flag": "ｨｦ"
  },
  {
    "id": "CPV",
    "name_eng": "Cape Verde",
    "name_fra": "Cap-Vert",
    "flag": "ｨｻ"
  },
  {
    "id": "CYM",
    "name_eng": "Cayman Islands",
    "name_fra": "ﾃ四es Caﾃｯmans",
    "flag": "ｰｾ"
  },
  {
    "id": "CAF",
    "name_eng": "Central African Republic",
    "name_fra": "Rﾃｩpublique centrafricaine",
    "flag": "ｨｫ"
  },
  {
    "id": "TCD",
    "name_eng": "Chad",
    "name_fra": "Tchad",
    "flag": "ｹｩ"
  },
  {
    "id": "CHL",
    "name_eng": "Chile",
    "name_fra": "Chili",
    "flag": "ｨｱ"
  },
  {
    "id": "CHN",
    "name_eng": "China",
    "name_fra": "Chine",
    "flag": "ｨｳ"
  },
  {
    "id": "CXR",
    "name_eng": "Christmas Island",
    "name_fra": "ﾃ四e Christmas",
    "flag": "ｨｽ"
  },
  {
    "id": "CCK",
    "name_eng": "Cocos (Keeling) Islands",
    "name_fra": "ﾃ四es Cocos (Keeling)",
    "flag": "ｨｨ"
  },
  {
    "id": "COL",
    "name_eng": "Colombia",
    "name_fra": "Colombie",
    "flag": "ｨｴ"
  },
  {
    "id": "COM",
    "name_eng": "Comoros",
    "name_fra": "Comores",
    "flag": "ｰｲ"
  },
  {
    "id": "COG",
    "name_eng": "Congo",
    "name_fra": "Congo",
    "flag": "ｨｬ"
  },
  {
    "id": "COD",
    "name_eng": "Congo (Democratic Republic)",
    "name_fra": "Congo (Rﾃｩpublique dﾃｩmocratique)",
    "flag": "ｨｩ"
  },
  {
    "id": "COK",
    "name_eng": "Cook Islands",
    "name_fra": "ﾃ四es Cook",
    "flag": "ｨｰ"
  },
  {
    "id": "CRI",
    "name_eng": "Costa Rica",
    "name_fra": "Costa Rica",
    "flag": "ｨｷ"
  },
  {
    "id": "HRV",
    "name_eng": "Croatia",
    "name_fra": "Croatie",
    "flag": "ｭｷ"
  },
  {
    "id": "CUB",
    "name_eng": "Cuba",
    "name_fra": "Cuba",
    "flag": "ｨｺ"
  },
  {
    "id": "CUW",
    "name_eng": "Curaﾃｧao",
    "name_fra": "Curaﾃｧao",
    "flag": "ｨｼ"
  },
  {
    "id": "CYP",
    "name_eng": "Cyprus",
    "name_fra": "Chypre",
    "flag": "ｨｾ"
  },
  {
    "id": "CZE",
    "name_eng": "Czechia",
    "name_fra": "Tchﾃｩquie",
    "flag": "ｨｿ"
  },
  {
    "id": "DNK",
    "name_eng": "Denmark",
    "name_fra": "Danemark",
    "flag": "ｩｰ"
  },
  {
    "id": "DJI",
    "name_eng": "Djibouti",
    "name_fra": "Djibouti",
    "flag": "ｩｯ"
  },
  {
    "id": "DMA",
    "name_eng": "Dominica",
    "name_fra": "Dominique",
    "flag": "ｩｲ"
  },
  {
    "id": "DOM",
    "name_eng": "Dominican Republic",
    "name_fra": "Rﾃｩpublique dominicaine",
    "flag": "ｩｴ"
  },
  {
    "id": "TLS",
    "name_eng": "East Timor",
    "name_fra": "Timor oriental",
    "flag": "ｹｱ"
  },
  {
    "id": "ECU",
    "name_eng": "Ecuador",
    "name_fra": "ﾃ衛uateur",
    "flag": "ｪｨ"
  },
  {
    "id": "EGY",
    "name_eng": "Egypt",
    "name_fra": "ﾃ曳ypte",
    "flag": "ｪｬ"
  },
  {
    "id": "SLV",
    "name_eng": "El Salvador",
    "name_fra": "Salvador",
    "flag": "ｸｻ"
  },
  {
    "id": "GNQ",
    "name_eng": "Equatorial Guinea",
    "name_fra": "Guinﾃｩe ﾃｩquatoriale",
    "flag": "ｬｶ"
  },
  {
    "id": "ERI",
    "name_eng": "Eritrea",
    "name_fra": "ﾃ詠ythrﾃｩe",
    "flag": "ｪｷ"
  },
  {
    "id": "EST",
    "name_eng": "Estonia",
    "name_fra": "Estonie",
    "flag": "ｪｪ"
  },
  {
    "id": "SWZ",
    "name_eng": "Eswatini",
    "name_fra": "Eswatini",
    "flag": "ｸｿ"
  },
  {
    "id": "ETH",
    "name_eng": "Ethiopia",
    "name_fra": "ﾃ液hiopie",
    "flag": "ｪｹ"
  },
  {
    "id": "FLK",
    "name_eng": "Falkland Islands",
    "name_fra": "ﾃ四es Malouines",
    "flag": "ｫｰ"
  },
  {
    "id": "FRO",
    "name_eng": "Faroe Islands",
    "name_fra": "ﾃ四es Fﾃｩroﾃｩ",
    "flag": "ｫｴ"
  },
  {
    "id": "FJI",
    "name_eng": "Fiji",
    "name_fra": "Fidji",
    "flag": "ｫｯ"
  },
  {
    "id": "FIN",
    "name_eng": "Finland",
    "name_fra": "Finlande",
    "flag": "ｫｮ"
  },
  {
    "id": "FRA",
    "name_eng": "France",
    "name_fra": "France",
    "flag": "ｫｷ"
  },
  {
    "id": "GUF",
    "name_eng": "French Guiana",
    "name_fra": "Guyane franﾃｧaise",
    "flag": "ｬｫ"
  },
  {
    "id": "PYF",
    "name_eng": "French Polynesia",
    "name_fra": "Polynﾃｩsie franﾃｧaise",
    "flag": "ｵｫ"
  },
  {
    "id": "ATF",
    "name_eng": "French Southern Territories",
    "name_fra": "Terres australes franﾃｧaises",
    "flag": "ｹｫ"
  },
  {
    "id": "GAB",
    "name_eng": "Gabon",
    "name_fra": "Gabon",
    "flag": "ｬｦ"
  },
  {
    "id": "GMB",
    "name_eng": "Gambia",
    "name_fra": "Gambie",
    "flag": "ｬｲ"
  },
  {
    "id": "GEO",
    "name_eng": "Georgia",
    "name_fra": "Gﾃｩorgie",
    "flag": "ｬｪ"
  },
  {
    "id": "DEU",
    "name_eng": "Germany",
    "name_fra": "Allemagne",
    "flag": "ｩｪ"
  },
  {
    "id": "GHA",
    "name_eng": "Ghana",
    "name_fra": "Ghana",
    "flag": "ｬｭ"
  },
  {
    "id": "GIB",
    "name_eng": "Gibraltar",
    "name_fra": "Gibraltar",
    "flag": "ｬｮ"
  },
  {
    "id": "GRC",
    "name_eng": "Greece",
    "name_fra": "Grﾃｨce",
    "flag": "ｬｷ"
  },
  {
    "id": "GRL",
    "name_eng": "Greenland",
    "name_fra": "Groenland",
    "flag": "ｬｱ"
  },
  {
    "id": "GRD",
    "name_eng": "Grenada",
    "name_fra": "Grenade",
    "flag": "ｬｩ"
  },
  {
    "id": "GLP",
    "name_eng": "Guadeloupe",
    "name_fra": "Guadeloupe",
    "flag": "ｬｵ"
  },
  {
    "id": "GUM",
    "name_eng": "Guam",
    "name_fra": "Guam",
    "flag": "ｬｺ"
  },
  {
    "id": "GTM",
    "name_eng": "Guatemala",
    "name_fra": "Guatemala",
    "flag": "ｬｹ"
  },
  {
    "id": "GGY",
    "name_eng": "Guernsey",
    "name_fra": "Guernesey",
    "flag": "ｬｬ"
  },
  {
    "id": "GIN",
    "name_eng": "Guinea",
    "name_fra": "Guinﾃｩe",
    "flag": "ｬｳ"
  },
  {
    "id": "GNB",
    "name_eng": "Guinea-Bissau",
    "name_fra": "Guinﾃｩe-Bissau",
    "flag": "ｬｼ"
  },
  {
    "id": "GUY",
    "name_eng": "Guyana",
    "name_fra": "Guyana",
    "flag": "ｬｾ"
  },
  {
    "id": "HTI",
    "name_eng": "Haiti",
    "name_fra": "Haﾃｯti",
    "flag": "ｭｹ"
  },
  {
    "id": "HMD",
    "name_eng": "Heard Island and McDonald Islands",
    "name_fra": "ﾃ四es Heard-et-MacDonald",
    "flag": "ｭｲ"
  },
  {
    "id": "HND",
    "name_eng": "Honduras",
    "name_fra": "Honduras",
    "flag": "ｭｳ"
  },
  {
    "id": "HKG",
    "name_eng": "Hong Kong",
    "name_fra": "Hong Kong",
    "flag": "ｭｰ"
  },
  {
    "id": "HUN",
    "name_eng": "Hungary",
    "name_fra": "Hongrie",
    "flag": "ｭｺ"
  },
  {
    "id": "ISL",
    "name_eng": "Iceland",
    "name_fra": "Islande",
    "flag": "ｮｸ"
  },
  {
    "id": "IND",
    "name_eng": "India",
    "name_fra": "Inde",
    "flag": "ｮｳ"
  },
  {
    "id": "IDN",
    "name_eng": "Indonesia",
    "name_fra": "Indonﾃｩsie",
    "flag": "ｮｩ"
  },
  {
    "id": "IRN",
    "name_eng": "Iran",
    "name_fra": "Iran",
    "flag": "ｮｷ"
  },
  {
    "id": "IRQ",
    "name_eng": "Iraq",
    "name_fra": "Irak",
    "flag": "ｮｶ"
  },
  {
    "id": "IRL",
    "name_eng": "Ireland",
    "name_fra": "Irlande",
    "flag": "ｮｪ"
  },
  {
    "id": "IMN",
    "name_eng": "Isle of Man",
    "name_fra": "ﾃ四e de Man",
    "flag": "ｮｲ"
  },
  {
    "id": "ISR",
    "name_eng": "Israel",
    "name_fra": "Israﾃｫl",
    "flag": "ｮｱ"
  },
  {
    "id": "ITA",
    "name_eng": "Italy",
    "name_fra": "Italie",
    "flag": "ｮｹ"
  },
  {
    "id": "CIV",
    "name_eng": "Ivory Coast",
    "name_fra": "Cﾃｴte d'Ivoire",
    "flag": "ｨｮ"
  },
  {
    "id": "JAM",
    "name_eng": "Jamaica",
    "name_fra": "Jamaﾃｯque",
    "flag": "ｯｲ"
  },
  {
    "id": "JPN",
    "name_eng": "Japan",
    "name_fra": "Japon",
    "flag": "ｯｵ"
  },
  {
    "id": "JEY",
    "name_eng": "Jersey",
    "name_fra": "Jersey",
    "flag": "ｯｪ"
  },
  {
    "id": "JOR",
    "name_eng": "Jordan",
    "name_fra": "Jordanie",
    "flag": "ｯｴ"
  },
  {
    "id": "KAZ",
    "name_eng": "Kazakhstan",
    "name_fra": "Kazakhstan",
    "flag": "ｰｿ"
  },
  {
    "id": "KEN",
    "name_eng": "Kenya",
    "name_fra": "Kenya",
    "flag": "ｰｪ"
  },
  {
    "id": "KIR",
    "name_eng": "Kiribati",
    "name_fra": "Kiribati",
    "flag": "ｰｮ"
  },
  {
    "id": "PRK",
    "name_eng": "Korea (the Democratic People's Republic of)",
    "name_fra": "Corﾃｩe du Nord",
    "flag": "ｰｵ"
  },
  {
    "id": "KOR",
    "name_eng": "Korea (the Republic of)",
    "name_fra": "Corﾃｩe du Sud",
    "flag": "ｰｷ"
  },
  {
    "id": "KWT",
    "name_eng": "Kuwait",
    "name_fra": "Koweﾃｯt",
    "flag": "ｰｼ"
  },
  {
    "id": "KGZ",
    "name_eng": "Kyrgyzstan",
    "name_fra": "Kirghizistan",
    "flag": "ｰｬ"
  },
  {
    "id": "LAO",
    "name_eng": "Laos",
    "name_fra": "Laos",
    "flag": "ｱｦ"
  },
  {
    "id": "LVA",
    "name_eng": "Latvia",
    "name_fra": "Lettonie",
    "flag": "ｱｻ"
  },
  {
    "id": "LBN",
    "name_eng": "Lebanon",
    "name_fra": "Liban",
    "flag": "ｱｧ"
  },
  {
    "id": "LSO",
    "name_eng": "Lesotho",
    "name_fra": "Lesotho",
    "flag": "ｱｸ"
  },
  {
    "id": "LBR",
    "name_eng": "Liberia",
    "name_fra": "Libﾃｩria",
    "flag": "ｱｷ"
  },
  {
    "id": "LBY",
    "name_eng": "Libya",
    "name_fra": "Libye",
    "flag": "ｱｾ"
  },
  {
    "id": "LIE",
    "name_eng": "Liechtenstein",
    "name_fra": "Liechtenstein",
    "flag": "ｱｮ"
  },
  {
    "id": "LTU",
    "name_eng": "Lithuania",
    "name_fra": "Lituanie",
    "flag": "ｱｹ"
  },
  {
    "id": "LUX",
    "name_eng": "Luxembourg",
    "name_fra": "Luxembourg",
    "flag": "ｱｺ"
  },
  {
    "id": "MAC",
    "name_eng": "Macao",
    "name_fra": "Macao",
    "flag": "ｲｴ"
  },
  {
    "id": "MDG",
    "name_eng": "Madagascar",
    "name_fra": "Madagascar",
    "flag": "ｲｬ"
  },
  {
    "id": "MWI",
    "name_eng": "Malawi",
    "name_fra": "Malawi",
    "flag": "ｲｼ"
  },
  {
    "id": "MYS",
    "name_eng": "Malaysia",
    "name_fra": "Malaisie",
    "flag": "ｲｾ"
  },
  {
    "id": "MDV",
    "name_eng": "Maldives",
    "name_fra": "Maldives",
    "flag": "ｲｻ"
  },
  {
    "id": "MLI",
    "name_eng": "Mali",
    "name_fra": "Mali",
    "flag": "ｲｱ"
  },
  {
    "id": "MLT",
    "name_eng": "Malta",
    "name_fra": "Malte",
    "flag": "ｲｹ"
  },
  {
    "id": "MHL",
    "name_eng": "Marshall Islands",
    "name_fra": "ﾃ四es Marshall",
    "flag": "ｲｭ"
  },
  {
    "id": "MTQ",
    "name_eng": "Martinique",
    "name_fra": "Martinique",
    "flag": "ｲｶ"
  },
  {
    "id": "MRT",
    "name_eng": "Mauritania",
    "name_fra": "Mauritanie",
    "flag": "ｲｷ"
  },
  {
    "id": "MUS",
    "name_eng": "Mauritius",
    "name_fra": "Maurice",
    "flag": "ｲｺ"
  },
  {
    "id": "MYT",
    "name_eng": "Mayotte",
    "name_fra": "Mayotte",
    "flag": "ｾｹ"
  },
  {
    "id": "MEX",
    "name_eng": "Mexico",
    "name_fra": "Mexique",
    "flag": "ｲｽ"
  },
  {
    "id": "FSM",
    "name_eng": "Micronesia",
    "name_fra": "Micronﾃｩsie",
    "flag": "ｫｲ"
  },
  {
    "id": "MDA",
    "name_eng": "Moldova",
    "name_fra": "Moldavie",
    "flag": "ｲｩ"
  },
  {
    "id": "MCO",
    "name_eng": "Monaco",
    "name_fra": "Monaco",
    "flag": "ｲｨ"
  },
  {
    "id": "MNG",
    "name_eng": "Mongolia",
    "name_fra": "Mongolie",
    "flag": "ｲｳ"
  },
  {
    "id": "MNE",
    "name_eng": "Montenegro",
    "name_fra": "Montﾃｩnﾃｩgro",
    "flag": "ｲｪ"
  },
  {
    "id": "MSR",
    "name_eng": "Montserrat",
    "name_fra": "Montserrat",
    "flag": "ｲｸ"
  },
  {
    "id": "MAR",
    "name_eng": "Morocco",
    "name_fra": "Maroc",
    "flag": "ｲｦ"
  },
  {
    "id": "MOZ",
    "name_eng": "Mozambique",
    "name_fra": "Mozambique",
    "flag": "ｲｿ"
  },
  {
    "id": "MMR",
    "name_eng": "Myanmar",
    "name_fra": "Myanmar",
    "flag": "ｲｲ"
  },
  {
    "id": "NAM",
    "name_eng": "Namibia",
    "name_fra": "Namibie",
    "flag": "ｳｦ"
  },
  {
    "id": "NRU",
    "name_eng": "Nauru",
    "name_fra": "Nauru",
    "flag": "ｳｷ"
  },
  {
    "id": "NPL",
    "name_eng": "Nepal",
    "name_fra": "Nﾃｩpal",
    "flag": "ｳｵ"
  },
  {
    "id": "NLD",
    "name_eng": "Netherlands",
    "name_fra": "Pays-Bas",
    "flag": "ｳｱ"
  },
  {
    "id": "NCL",
    "name_eng": "New Caledonia",
    "name_fra": "Nouvelle-Calﾃｩdonie",
    "flag": "ｳｨ"
  },
  {
    "id": "NZL",
    "name_eng": "New Zealand",
    "name_fra": "Nouvelle-Zﾃｩlande",
    "flag": "ｳｿ"
  },
  {
    "id": "NIC",
    "name_eng": "Nicaragua",
    "name_fra": "Nicaragua",
    "flag": "ｳｮ"
  },
  {
    "id": "NER",
    "name_eng": "Niger",
    "name_fra": "Niger",
    "flag": "ｳｪ"
  },
  {
    "id": "NGA",
    "name_eng": "Nigeria",
    "name_fra": "Nigﾃｩria",
    "flag": "ｳｬ"
  },
  {
    "id": "NIU",
    "name_eng": "Niue",
    "name_fra": "Niue",
    "flag": "ｳｺ"
  },
  {
    "id": "NFK",
    "name_eng": "Norfolk Island",
    "name_fra": "ﾃ四e Norfolk",
    "flag": "ｳｫ"
  },
  {
    "id": "MKD",
    "name_eng": "North Macedonia",
    "name_fra": "Macﾃｩdoine du Nord",
    "flag": "ｲｰ"
  },
  {
    "id": "MNP",
    "name_eng": "Northern Mariana Islands",
    "name_fra": "ﾃ四es Mariannes du Nord",
    "flag": "ｲｵ"
  },
  {
    "id": "NOR",
    "name_eng": "Norway",
    "name_fra": "Norvﾃｨge",
    "flag": "ｳｴ"
  },
  {
    "id": "OMN",
    "name_eng": "Oman",
    "name_fra": "Oman",
    "flag": "ｴｲ"
  },
  {
    "id": "PAK",
    "name_eng": "Pakistan",
    "name_fra": "Pakistan",
    "flag": "ｵｰ"
  },
  {
    "id": "PLW",
    "name_eng": "Palau",
    "name_fra": "Palaos",
    "flag": "ｵｼ"
  },
  {
    "id": "PSE",
    "name_eng": "Palestine",
    "name_fra": "Palestine",
    "flag": "ｵｸ"
  },
  {
    "id": "PAN",
    "name_eng": "Panama",
    "name_fra": "Panama",
    "flag": "ｵｦ"
  },
  {
    "id": "PNG",
    "name_eng": "Papua New Guinea",
    "name_fra": "Papouasie-Nouvelle-Guinﾃｩe",
    "flag": "ｵｬ"
  },
  {
    "id": "PRY",
    "name_eng": "Paraguay",
    "name_fra": "Paraguay",
    "flag": "ｵｾ"
  },
  {
    "id": "PER",
    "name_eng": "Peru",
    "name_fra": "Pﾃｩrou",
    "flag": "ｵｪ"
  },
  {
    "id": "PHL",
    "name_eng": "Philippines",
    "name_fra": "Philippines",
    "flag": "ｵｭ"
  },
  {
    "id": "PCN",
    "name_eng": "Pitcairn",
    "name_fra": "Pitcairn",
    "flag": "ｵｳ"
  },
  {
    "id": "POL",
    "name_eng": "Poland",
    "name_fra": "Pologne",
    "flag": "ｵｱ"
  },
  {
    "id": "PRT",
    "name_eng": "Portugal",
    "name_fra": "Portugal",
    "flag": "ｵｹ"
  },
  {
    "id": "PRI",
    "name_eng": "Puerto Rico",
    "name_fra": "Porto Rico",
    "flag": "ｵｷ"
  },
  {
    "id": "QAT",
    "name_eng": "Qatar",
    "name_fra": "Qatar",
    "flag": "ｶｦ"
  },
  {
    "id": "REU",
    "name_eng": "Rﾃｩunion",
    "name_fra": "La Rﾃｩunion",
    "flag": "ｷｪ"
  },
  {
    "id": "ROU",
    "name_eng": "Romania",
    "name_fra": "Roumanie",
    "flag": "ｷｴ"
  },
  {
    "id": "RUS",
    "name_eng": "Russia",
    "name_fra": "Russie",
    "flag": "ｷｺ"
  },
  {
    "id": "RWA",
    "name_eng": "Rwanda",
    "name_fra": "Rwanda",
    "flag": "ｷｼ"
  },
  {
    "id": "MAF",
    "name_eng": "Saint Martin (French)",
    "name_fra": "Saint-Martin (franﾃｧais)",
    "flag": "ｲｫ"
  },
  {
    "id": "WSM",
    "name_eng": "Samoa",
    "name_fra": "Samoa",
    "flag": "ｼｸ"
  },
  {
    "id": "SMR",
    "name_eng": "San Marino",
    "name_fra": "Saint-Marin",
    "flag": "ｸｲ"
  },
  {
    "id": "STP",
    "name_eng": "Sao Tome and Principe",
    "name_fra": "Sao Tomﾃｩ-et-Principe",
    "flag": "ｸｹ"
  },
  {
    "id": "SAU",
    "name_eng": "Saudi Arabia",
    "name_fra": "Arabie saoudite",
    "flag": "ｸｦ"
  },
  {
    "id": "SEN",
    "name_eng": "Senegal",
    "name_fra": "Sﾃｩnﾃｩgal",
    "flag": "ｸｳ"
  },
  {
    "id": "SRB",
    "name_eng": "Serbia",
    "name_fra": "Serbie",
    "flag": "ｷｸ"
  },
  {
    "id": "SYC",
    "name_eng": "Seychelles",
    "name_fra": "Seychelles",
    "flag": "ｸｨ"
  },
  {
    "id": "SLE",
    "name_eng": "Sierra Leone",
    "name_fra": "Sierra Leone",
    "flag": "ｸｱ"
  },
  {
    "id": "SGP",
    "name_eng": "Singapore",
    "name_fra": "Singapour",
    "flag": "ｸｬ"
  },
  {
    "id": "SXM",
    "name_eng": "Sint Maarten (Dutch)",
    "name_fra": "Saint-Martin (nﾃｩerlandais)",
    "flag": "ｸｽ"
  },
  {
    "id": "SVK",
    "name_eng": "Slovakia",
    "name_fra": "Slovaquie",
    "flag": "ｸｰ"
  },
  {
    "id": "SVN",
    "name_eng": "Slovenia",
    "name_fra": "Slovﾃｩnie",
    "flag": "ｸｮ"
  },
  {
    "id": "SLB",
    "name_eng": "Solomon Islands",
    "name_fra": "ﾃ四es Salomon",
    "flag": "ｸｧ"
  },
  {
    "id": "SOM",
    "name_eng": "Somalia",
    "name_fra": "Somalie",
    "flag": "ｸｴ"
  },
  {
    "id": "ZAF",
    "name_eng": "South Africa",
    "name_fra": "Afrique du Sud",
    "flag": "ｿｦ"
  },
  {
    "id": "SGS",
    "name_eng": "South Georgia and the South Sandwich Islands",
    "name_fra": "Gﾃｩorgie du Sud-et-les ﾃｮles Sandwich du Sud",
    "flag": "ｬｸ"
  },
  {
    "id": "SSD",
    "name_eng": "South Sudan",
    "name_fra": "Soudan du Sud",
    "flag": "ｸｸ"
  },
  {
    "id": "ESP",
    "name_eng": "Spain",
    "name_fra": "Espagne",
    "flag": "ｪｸ"
  },
  {
    "id": "LKA",
    "name_eng": "Sri Lanka",
    "name_fra": "Sri Lanka",
    "flag": "ｱｰ"
  },
  {
    "id": "BLM",
    "name_eng": "St Barthﾃｩlemy",
    "name_fra": "Saint-Barthﾃｩlemy",
    "flag": "ｧｱ"
  },
  {
    "id": "SHN",
    "name_eng": "St Helena, Ascension and Tristan da Cunha",
    "name_fra": "Sainte-Hﾃｩlﾃｨne, Ascension et Tristan da Cunha",
    "flag": "ｸｭ"
  },
  {
    "id": "KNA",
    "name_eng": "St Kitts and Nevis",
    "name_fra": "Saint-Christophe-et-Niﾃｩvﾃｨs",
    "flag": "ｰｳ"
  },
  {
    "id": "LCA",
    "name_eng": "St Lucia",
    "name_fra": "Sainte-Lucie",
    "flag": "ｱｨ"
  },
  {
    "id": "SPM",
    "name_eng": "St Pierre and Miquelon",
    "name_fra": "Saint-Pierre-et-Miquelon",
    "flag": "ｵｲ"
  },
  {
    "id": "VCT",
    "name_eng": "St Vincent",
    "name_fra": "Saint-Vincent-et-les Grenadines",
    "flag": "ｻｨ"
  },
  {
    "id": "SDN",
    "name_eng": "Sudan",
    "name_fra": "Soudan",
    "flag": "ｸｩ"
  },
  {
    "id": "SUR",
    "name_eng": "Suriname",
    "name_fra": "Suriname",
    "flag": "ｸｷ"
  },
  {
    "id": "SJM",
    "name_eng": "Svalbard and Jan Mayen",
    "name_fra": "Svalbard et Jan Mayen",
    "flag": "ｸｯ"
  },
  {
    "id": "SWE",
    "name_eng": "Sweden",
    "name_fra": "Suﾃｨde",
    "flag": "ｸｪ"
  },
  {
    "id": "CHE",
    "name_eng": "Switzerland",
    "name_fra": "Suisse",
    "flag": "ｨｭ"
  },
  {
    "id": "SYR",
    "name_eng": "Syria",
    "name_fra": "Syrie",
    "flag": "ｸｾ"
  },
  {
    "id": "TWN",
    "name_eng": "Taiwan",
    "name_fra": "Taﾃｯwan",
    "flag": "ｹｼ"
  },
  {
    "id": "TJK",
    "name_eng": "Tajikistan",
    "name_fra": "Tadjikistan",
    "flag": "ｹｯ"
  },
  {
    "id": "TZA",
    "name_eng": "Tanzania",
    "name_fra": "Tanzanie",
    "flag": "ｹｿ"
  },
  {
    "id": "THA",
    "name_eng": "Thailand",
    "name_fra": "Thaﾃｯlande",
    "flag": "ｹｭ"
  },
  {
    "id": "TGO",
    "name_eng": "Togo",
    "name_fra": "Togo",
    "flag": "ｹｬ"
  },
  {
    "id": "TKL",
    "name_eng": "Tokelau",
    "name_fra": "Tokelau",
    "flag": "ｹｰ"
  },
  {
    "id": "TON",
    "name_eng": "Tonga",
    "name_fra": "Tonga",
    "flag": "ｹｴ"
  },
  {
    "id": "TTO",
    "name_eng": "Trinidad and Tobago",
    "name_fra": "Trinitﾃｩ-et-Tobago",
    "flag": "ｹｹ"
  },
  {
    "id": "TUN",
    "name_eng": "Tunisia",
    "name_fra": "Tunisie",
    "flag": "ｹｳ"
  },
  {
    "id": "TUR",
    "name_eng": "Turkey",
    "name_fra": "Turquie",
    "flag": "ｹｷ"
  },
  {
    "id": "TKM",
    "name_eng": "Turkmenistan",
    "name_fra": "Turkmﾃｩnistan",
    "flag": "ｹｲ"
  },
  {
    "id": "TCA",
    "name_eng": "Turks and Caicos Islands",
    "name_fra": "ﾃ四es Turques-et-Caﾃｯques",
    "flag": "ｹｨ"
  },
  {
    "id": "TUV",
    "name_eng": "Tuvalu",
    "name_fra": "Tuvalu",
    "flag": "ｹｻ"
  },
  {
    "id": "UGA",
    "name_eng": "Uganda",
    "name_fra": "Ouganda",
    "flag": "ｺｬ"
  },
  {
    "id": "UKR",
    "name_eng": "Ukraine",
    "name_fra": "Ukraine",
    "flag": "ｺｦ"
  },
  {
    "id": "ARE",
    "name_eng": "United Arab Emirates",
    "name_fra": "ﾃ盈irats arabes unis",
    "flag": "ｦｪ"
  },
  {
    "id": "GBR",
    "name_eng": "United Kingdom",
    "name_fra": "Royaume-Uni",
    "flag": "ｬｧ"
  },
  {
    "id": "USA",
    "name_eng": "United States",
    "name_fra": "ﾃ液ats-Unis",
    "flag": "ｺｸ"
  },
  {
    "id": "UMI",
    "name_eng": "United States Minor Outlying Islands",
    "name_fra": "ﾃ四es mineures ﾃｩloignﾃｩes des ﾃ液ats-Unis",
    "flag": "ｺｲ"
  },
  {
    "id": "VIR",
    "name_eng": "United States Virgin Islands",
    "name_fra": "ﾃ四es Vierges des ﾃ液ats-Unis",
    "flag": "ｻｮ"
  },
  {
    "id": "URY",
    "name_eng": "Uruguay",
    "name_fra": "Uruguay",
    "flag": "ｺｾ"
  },
  {
    "id": "UZB",
    "name_eng": "Uzbekistan",
    "name_fra": "Ouzbﾃｩkistan",
    "flag": "ｺｿ"
  },
  {
    "id": "VUT",
    "name_eng": "Vanuatu",
    "name_fra": "Vanuatu",
    "flag": "ｻｺ"
  },
  {
    "id": "VAT",
    "name_eng": "Vatican City",
    "name_fra": "Vatican",
    "flag": "ｻｦ"
  },
  {
    "id": "VEN",
    "name_eng": "Venezuela",
    "name_fra": "Venezuela",
    "flag": "ｻｪ"
  },
  {
    "id": "VNM",
    "name_eng": "Viet Nam",
    "name_fra": "Viﾃｪt Nam",
    "flag": "ｻｳ"
  },
  {
    "id": "WLF",
    "name_eng": "Wallis and Futuna",
    "name_fra": "Wallis-et-Futuna",
    "flag": "ｼｫ"
  },
  {
    "id": "ESH",
    "name_eng": "Western Sahara",
    "name_fra": "Sahara occidental",
    "flag": "ｪｭ"
  },
  {
    "id": "YEM",
    "name_eng": "Yemen",
    "name_fra": "Yﾃｩmen",
    "flag": "ｾｪ"
  },
  {
    "id": "ZMB",
    "name_eng": "Zambia",
    "name_fra": "Zambie",
    "flag": "ｿｲ"
  },
  {
    "id": "ZWE",
    "name_eng": "Zimbabwe",
    "name_fra": "Zimbabwe",
    "flag": "ｿｼ"
  }
]
